promotion_id,promotion_code,promotion_name,discount_type,discount_value,min_order_amount,start_date,end_date,channel,is_stackable,max_redemptions,is_active
1,SUMMER25,Summer Splash 25% Off,percent,25.00,50.00,2026-06-01,2026-06-30,paid_social,false,10000,false
2,BTS15,Back to School $15 Off,fixed,15.00,75.00,2026-07-15,2026-08-31,paid_search,false,15000,false
3,FALLFREE,Fall Free Shipping,shipping,0.00,40.00,2026-09-01,2026-10-15,paid_social,true,25000,true
4,LOYAL10,Loyalty Member 10% Off,percent,10.00,0.00,2026-01-01,2027-12-31,email,true,100000,true
5,NEWYEAR30,New Year 30% Off,percent,30.00,100.00,2026-12-26,2027-01-05,paid_social,false,8000,false
6,SPRING20,Spring Refresh 20% Off,percent,20.00,60.00,2027-03-01,2027-04-15,paid_search,false,12000,false
7,FREESHIP50,Free Ship Over $50,shipping,0.00,50.00,2026-06-01,2027-12-31,email,true,500000,true
8,VIP25,VIP Member 25% Off,percent,25.00,0.00,2026-01-01,2027-12-31,email,false,5000,true
9,FLASH40,Flash Sale 40% Off,percent,40.00,150.00,2027-05-15,2027-05-17,paid_social,false,3000,false
10,APP10,Mobile App Exclusive $10,fixed,10.00,30.00,2026-06-01,2027-12-31,affiliate,true,200000,true
11,REFER20,Refer-a-Friend $20,fixed,20.00,50.00,2026-01-01,2027-12-31,affiliate,false,50000,true
12,BUNDLE15,Bundle & Save 15%,percent,15.00,200.00,2026-09-01,2027-06-15,paid_search,true,20000,true
